Task ID,App,Type,Issue #,Input Combo,Issue Description,WCAG Criterion,Severity,Manually Observed,Emulator Artifact,Verified on Real Device,Claude (Events),Claude (Trees),Claude (Events + User Actions),Claude (Events + User Actions + Trees),Codex (Events),Codex (Trees),Codex (Events + User Actions),Codex (Events + User Actions + Trees),Notes
YT1,YouTube,Core,1,Events Only,Search EditText has no accessible label,3.3.2 Labels or Instructions (A) / 4.1.2 Name Role Value (A),Medium,Unconfirmed,N,,Y,,,,,,,"event_seq 8: label='' on com.google.android.youtube:id/search_edit_text (android.widget.EditText); announcement=['a'] — only character echo, no field name"
YT1,YouTube,Core,2,Events Only,Sponsored content button on video page has empty label — role announced before content,4.1.2 Name Role Value (A),Medium,Unconfirmed,N,,Y,,,,,,,"event_seq 42: label='', class=android.widget.Button; announcement=['Button, Sponsored Adobe Firefly, firefly.adobe.com, Out of list'] — role 'Button' precedes any label text indicating empty contentDescription"
YT1,YouTube,Core,3,Events Only,Focus jumps unexpectedly to ProgressBar during search results loading,2.4.3 Focus Order (A),Medium,Unconfirmed,N,,Y,,,,,,,"event_seq 32 (ms 53762): class=android.widget.ProgressBar; announcement=['in progress, Progress bar, Out of list'] — focus lands on loading spinner immediately after autocomplete suggestion selected at event_seq 31"
YT1,YouTube,Core,4,Events Only,Pause video live region announces twice in rapid succession,4.1.3 Status Messages (AA),Low,Unconfirmed,N,,Y,,,,,,,"event_seq 39 (ms 79866) and event_seq 40 (ms 81187) both announce ['Pause video, Button'] — identical announcement 1.3 seconds apart from assertive live region"
YT1,YouTube,Core,5,Events Only,Autocomplete search suggestions use ViewGroup with no role — purpose unclear to TalkBack user,4.1.2 Name Role Value (A),Low,Unconfirmed,N,,Y,,,,,,,"event_seq 31: class=android.view.ViewGroup; role=''; label='accessibility'; announcement=['accessibility, 3 of 10, In list, 10 items, Window YouTube'] — no role indicates suggestion type"
YT1,YouTube,Core,1,Trees Only,Filter chip containers (Music Mixes AI Algorithms Podcasts) have empty contentDescription,4.1.2 Name Role Value (A),Medium,Unconfirmed,N,,,Y,,,,,,"tree_2026-05-26T17-26-30-413: LinearLayout 'Music' contentDescription='' isClickable=true isFocusable=true; child TextView 'Music' also contentDescription='' — label must be inferred from descendant text"
YT1,YouTube,Core,2,Trees Only,Active 'All' filter chip does not communicate selected state,4.1.2 Name Role Value (A),Medium,Unconfirmed,N,,,Y,,,,,,"tree_2026-05-26T17-26-30-413: 'All' LinearLayout isSelected=true contentDescription=''; child TextView isSelected=true contentDescription=''; no stateDescription on either element"
YT1,YouTube,Core,3,Trees Only,Bottom navigation Home tab selected state not communicated to TalkBack,4.1.2 Name Role Value (A),Medium,Unconfirmed,N,,,Y,,,,,,"tree_2026-05-26T17-26-30-413: Home Button contentDescription='Home' isSelected=true; no stateDescription — TalkBack announces 'Home, Button' without active/selected state"
YT1,YouTube,Core,4,Trees Only,Two identical More options buttons in video player controls,2.4.4 Link Purpose In Context (A),Medium,Unconfirmed,N,,,Y,,,,,,"tree_2026-05-26T17-27-40-726: ImageView at {left:691 right:817} contentDescription='More options'; ImageView at {left:828 right:954} contentDescription='More options' — both focusable and clickable, indistinguishable"
YT1,YouTube,Core,5,Trees Only,Learn more ad button announces as Button but has no CLICK action — non-operable,4.1.2 Name Role Value (A) / 2.1.1 Keyboard (A),High,Unconfirmed,N,,,Y,,,,,,"tree_2026-05-26T17-27-40-726: className=android.widget.Button contentDescription='Learn more' isClickable=false isFocusable=true isEnabled=true; actionList has no CLICK (id:16) action — double-tap produces no response"
YT1,YouTube,Core,6,Trees Only,Video ad SeekBar not focusable or accessible during ad playback,2.1.1 Keyboard (A),Low,Unconfirmed,N,,,Y,,,,,,"tree_2026-05-26T17-27-40-726: SeekBar contentDescription='0 minutes 10 seconds of 0 minutes 15 seconds' isEnabled=false isFocusable=false isScreenReaderFocusable=false — blind users cannot navigate to ad progress"
YT1,YouTube,Core,1,Events + User Actions,Search EditText has no accessible label,3.3.2 Labels or Instructions (A) / 4.1.2 Name Role Value (A),Medium,Unconfirmed,N,,,,Y,,,,,,"user_actions seq 15: click ImageView 'Search' to open search; event_seq 8: label='' on search_edit_text; announcement=['a'] only — field purpose never announced despite intentional navigation"
YT1,YouTube,Core,2,Events + User Actions,Sponsored content button on video page has empty label,4.1.2 Name Role Value (A),Medium,Unconfirmed,N,,,,Y,,,,,,"event_seq 42: label='' class=android.widget.Button; announcement=['Button, Sponsored Adobe Firefly, firefly.adobe.com, Out of list']; user_actions seq 41: single tap at video page — focus landed on ad companion automatically"
YT1,YouTube,Core,3,Events + User Actions,Focus management failure — focus lands on ProgressBar after intentional autocomplete activation,2.4.3 Focus Order (A),Medium,Unconfirmed,N,,,,Y,,,,,,"user_actions seq 32-33: phone click on 'accessibility Edit suggestion accessibility'; event_seq 32: ProgressBar focus announcement ['in progress, Progress bar, Out of list'] — user-initiated action resulted in focus on loading indicator not first result"
YT1,YouTube,Core,4,Events + User Actions,Pause video live region fires twice after single video open action,4.1.3 Status Messages (AA),Low,Unconfirmed,N,,,,Y,,,,,,"user_actions seq 41: single action tap; event_seq 39 (ms 79866) and event_seq 40 (ms 81187) both announce ['Pause video, Button'] — double-fire of assertive live region from one user action"
YT1,YouTube,Core,5,Events + User Actions,Autocomplete suggestions use ViewGroup with no role,4.1.2 Name Role Value (A),Low,Unconfirmed,N,,,,Y,,,,,,"event_seq 31: class=android.view.ViewGroup role='' label='accessibility'; announcement=['accessibility, 3 of 10, In list, 10 items'] — no role communicates item type to blind user"
YT1,YouTube,Core,1,Events + User Actions + Trees,Search EditText has no accessible label,3.3.2 Labels or Instructions (A) / 4.1.2 Name Role Value (A) / 1.3.5 Identify Input Purpose (AA),Medium,Unconfirmed,N,,,,,Y,,,,,"event_seq 8: label='' class=android.widget.EditText resource_id=com.google.android.youtube:id/search_edit_text; user_actions seq 15: Search button click; tree_2026-05-26T17-27-07-397: search_query TextView contentDescription='' — no label at any level"
YT1,YouTube,Core,2,Events + User Actions + Trees,Sponsored content button on video page has empty label,4.1.2 Name Role Value (A),Medium,Unconfirmed,N,,,,,Y,,,,,"event_seq 42: label='' announcement=['Button, Sponsored Adobe Firefly, firefly.adobe.com']; tree_2026-05-26T17-27-40-726: Button contentDescription='' isClickable=true at bounds {left:0 top:744 right:1080 bottom:913} — role before label confirms empty contentDescription"
YT1,YouTube,Core,3,Events + User Actions + Trees,Focus management failure — focus lands on ProgressBar then on Navigate up after search results load,2.4.3 Focus Order (A),Medium,Unconfirmed,N,,,,,Y,,,,,"user_actions seq 32-33: click autocomplete 'accessibility'; event_seq 32: ProgressBar 'in progress'; event_seq 34: 'Navigate up Button'; tree_2026-05-26T17-27-09-378: ProgressBar contentDescription='' stateDescription='in progress' — no focus directed to search results after load"
YT1,YouTube,Core,4,Events + User Actions + Trees,Filter chip containers (Music Mixes AI Algorithms Podcasts) have empty contentDescription,4.1.2 Name Role Value (A),Medium,Unconfirmed,N,,,,,Y,,,,,"tree_2026-05-26T17-26-30-413: LinearLayout 'Music' contentDescription='' isClickable=true isFocusable=true; child chip_cloud_chip_modern_text TextView contentDescription='' — no accessible name on interactive container"
YT1,YouTube,Core,5,Events + User Actions + Trees,Active All filter chip does not communicate selected state,4.1.2 Name Role Value (A),Medium,Unconfirmed,N,,,,,Y,,,,,"tree_2026-05-26T17-26-30-413: 'All' LinearLayout isSelected=true contentDescription=''; child TextView isSelected=true contentDescription=''; no stateDescription — selected filter not communicated"
YT1,YouTube,Core,6,Events + User Actions + Trees,Bottom navigation Home tab selected state not communicated to TalkBack,4.1.2 Name Role Value (A),Medium,Unconfirmed,N,,,,,Y,,,,,"tree_2026-05-26T17-26-30-413 and tree_2026-05-26T17-27-22-827: Home Button contentDescription='Home' isSelected=true; no stateDescription — announces as 'Home, Button' without active state"
YT1,YouTube,Core,7,Events + User Actions + Trees,Two identical More options buttons in video player controls,2.4.4 Link Purpose In Context (A),Medium,Unconfirmed,N,,,,,Y,,,,,"tree_2026-05-26T17-27-40-726: ImageView at x:691-817 contentDescription='More options'; ImageView at x:828-954 contentDescription='More options' — both isClickable=true isFocusable=true; indistinguishable by TalkBack"
YT1,YouTube,Core,8,Events + User Actions + Trees,Learn more ad button announces as Button but has no CLICK action — non-operable,4.1.2 Name Role Value (A) / 2.1.1 Keyboard (A),High,Unconfirmed,N,,,,,Y,,,,,"tree_2026-05-26T17-27-40-726: className=android.widget.Button contentDescription='Learn more' isClickable=false isFocusable=true isEnabled=true; actionList=[FOCUS SELECT CLEAR_SELECTION ...] — no CLICK action (id:16); double-tap has no effect"
YT1,YouTube,Core,9,Events + User Actions + Trees,Pause video live region fires twice after single video open action,4.1.3 Status Messages (AA),Low,Unconfirmed,N,,,,,Y,,,,,"tree_2026-05-26T17-27-40-726: player_control_play_pause_replay_button liveRegion=1 contentDescription='Pause video'; event_seq 39 (ms 79866) and event_seq 40 (ms 81187) both ['Pause video, Button']; user_actions seq 41: single action"
YT1,YouTube,Core,10,Events + User Actions + Trees,Video ad SeekBar not accessible during ad playback,2.1.1 Keyboard (A),Low,Unconfirmed,N,,,,,Y,,,,,"tree_2026-05-26T17-27-40-726: SeekBar contentDescription='0 minutes 10 seconds of 0 minutes 15 seconds' isEnabled=false isFocusable=false isScreenReaderFocusable=false — ad progress not accessible to blind users"
